lp,73
apr,54
humach,65
sba,104
bpo,95
except,35
otcqx,115
cfo,118
greatest,48
atm,117
site,98
u.s.a.,66
aim,119
.otcqxbk,13
fbi,75
va.,30
bank,81
indirect,12
us,11
p.o,21
data,23
money,102
mainstreet,39
neither,77
jp,96
ira,59
svp,84
deposit,41
nrp,101
total,17
visa,103
premium,69
nfl,83
contract,107
dna,7
york,56
alco,61
dj,108
super,97
ctp,31
ftc,33
sec,0
icba,62
po,67
d.c.,60
dss,70
hard,18
mi,16
whether,87
ach,22
breach,82
special,89
tv,3
wbj,53
free,28
ssl,91
subject,25
law,63
fha,100
vba,37
iolta,105
pci,47
llc.,46
mnsb,10
cd,88
bai,121
fico,5
fm,42
fig,26
otcqb,6
third,111
new,57
nacha,49
ag,2
content,94
similar,55
emv,15
market,72
az,76
mnsb.,32
wera,40
llc,44
pin,9
fairfax,38
ceo,29
fdic,4
particular,20
loss,120
cai,113
url,52
agreement,19
pc,85
fm.,112
u.s.,36
llp,24
cost,27
n.y.,79
item,43
aaa,8
pdf,1
otcm,106
one,78
gpa,45
otc,93
asap,34
led,86
matter,51
ccu,110
extent,74
bb,58
jha,109
via,50
shall,64
dc,114
id,116
strict,80
hcac,99
express,90
va,68
card,92
oxcqx,71
nw,14
