sales,2097
applications,2081
qualification,2107
prices,2002
privacy,2003
footprint,2004
type,2005
military,2030
overdraft,2007
december,2008
google,2128
conveniently,2010
insurance,2067
clover,2013
sky,2014
otcqx,2015
rebibo,2016
satterly,2019
going,2020
rewards,2023
relationship,2024
automatic,2146
billing,2025
text,2026
fees,2027
green,2046
cash,2029
device,2116
enjoy,2151
gateway,2031
debit,2032
memorial,2087
home,2138
olevson,2034
vacation,2035
ending,2036
mortgage,2115
introduction,2038
finder,2124
gas,2039
mywin,2127
types,2040
pressing,2041
hobson,2042
borrowing,2043
owe,2044
months,2045
debt,2088
depositor,2047
minimum,2048
stock,2049
auto,2050
imagine,2053
million,2054
facebook,2055
september,2056
card,2150
humach,2057
hersiburane,2058
quarter,2059
leads,2060
veterans,2062
wedding,2064
risk,2065
chase,2066
june,2073
six,2068
agreement,2069
letter,2070
history,2071
lost,2012
cases,2061
abdul,2074
easy,2156
accounts,2121
day,2076
site,2077
miner,2078
northern,2079
index,2080
banks,2000
apple,2082
unlimited,2083
donation,2157
collect,2089
literacy,2085
report,2086
functions,2033
fundraise,2009
welcome,2095
swipe,2133
empowerment,2051
otc,2090
kilgour,2091
directors,2092
tier,2094
zone,2011
students,2096
line,2093
rainy,2098
wellness,2099
stolen,2154
located,2101
photo,2102
cordingley,2103
placement,2104
saver,2105
organization,2106
journal,2001
contest,2006
merchant,2109
late,2018
digital,2111
win,2028
march,2153
strives,2113
government,2114
introducing,2084
perfectly,2112
johns,2117
inquiries,2118
contract,2119
personal,2072
kasasa,2075
totally,2122
fbi,2123
friday,2022
args,2125
cycle,2110
loans,2017
beautiful,2129
brockett,2130
radio,2131
button,2132
feature,2126
everywhere,2120
parking,2134
tax,2135
fund,2136
protection,2137
submitted,2052
did,2139
q,2140
half,2141
rally,2142
apy,2143
aircharity,2144
car,2145
emergency,2108
arlington,2147
holiday,2148
word,2149
fig,2100
portfolio,2037
plan,2152
get,2063
corporate,2155
thank,2021
score,2158
